{
    "98": {
        "latency_s": 21.505955663975328,
        "reward": 0.0
    },
    "63": {
        "latency_s": 7.869715439970605,
        "reward": 0.0
    },
    "97": {
        "latency_s": 22.603760238038376,
        "reward": 0.0
    },
    "93": {
        "latency_s": 24.006388852954842,
        "reward": 0.0
    },
    "41": {
        "latency_s": 18.38337647798471,
        "reward": 0.0
    },
    "77": {
        "latency_s": 9.649596682051197,
        "reward": 0.0
    },
    "2": {
        "latency_s": 22.106364935054444,
        "reward": 0.0
    },
    "60": {
        "latency_s": 22.59285286802333,
        "reward": 0.0
    },
    "42": {
        "latency_s": 20.39043651195243,
        "reward": 0.0
    },
    "83": {
        "latency_s": 19.557089157984592,
        "reward": 0.0
    },
    "72": {
        "latency_s": 13.107265267986804,
        "reward": 0.0
    },
    "76": {
        "latency_s": 18.014555227011442,
        "reward": 0.0
    },
    "59": {
        "latency_s": 13.470452671987005,
        "reward": 0.0
    },
    "47": {
        "latency_s": 22.887352929101326,
        "reward": 0.0
    },
    "10": {
        "latency_s": 19.56997610302642,
        "reward": 0.0
    },
    "30": {
        "latency_s": 17.51873666490428,
        "reward": 0.0
    },
    "68": {
        "latency_s": 20.10539219796192,
        "reward": 0.0
    },
    "95": {
        "latency_s": 17.794245727942325,
        "reward": 0.0
    },
    "16": {
        "latency_s": 31.89524890901521,
        "reward": 0.0
    },
    "34": {
        "latency_s": 24.88445882697124,
        "reward": 0.0
    },
    "40": {
        "latency_s": 19.37686819594819,
        "reward": 0.0
    },
    "84": {
        "latency_s": 26.63947927893605,
        "reward": 0.0
    },
    "39": {
        "latency_s": 25.802345372037962,
        "reward": 0.0
    },
    "3": {
        "latency_s": 24.94658155599609,
        "reward": 0.0
    },
    "57": {
        "latency_s": 19.466529714060016,
        "reward": 0.0
    },
    "20": {
        "latency_s": 20.085366544080898,
        "reward": 0.0
    },
    "92": {
        "latency_s": 25.63394348300062,
        "reward": 0.0
    },
    "65": {
        "latency_s": 24.206351405009627,
        "reward": 0.0
    },
    "44": {
        "latency_s": 17.752190755098127,
        "reward": 0.0
    },
    "8": {
        "latency_s": 28.89145265100524,
        "reward": 0.0
    },
    "58": {
        "latency_s": 27.534302304964513,
        "reward": 0.0
    },
    "66": {
        "latency_s": 29.329823340987787,
        "reward": 0.0
    },
    "50": {
        "latency_s": 22.294943434069864,
        "reward": 0.0
    },
    "19": {
        "latency_s": 18.684798144968227,
        "reward": 0.0
    },
    "15": {
        "latency_s": 15.367971680010669,
        "reward": 0.0
    },
    "45": {
        "latency_s": 36.39134062605444,
        "reward": 0.0
    },
    "14": {
        "latency_s": 32.682273901067674,
        "reward": 0.0
    },
    "87": {
        "latency_s": 20.97566254704725,
        "reward": 0.0
    },
    "4": {
        "latency_s": 22.916174674988724,
        "reward": 0.0
    },
    "49": {
        "latency_s": 19.123406031983905,
        "reward": 0.0
    },
    "54": {
        "latency_s": 26.187323684920557,
        "reward": 0.0
    },
    "96": {
        "latency_s": 26.151102166972123,
        "reward": 0.0
    },
    "81": {
        "latency_s": 19.18035012902692,
        "reward": 0.0
    },
    "1": {
        "latency_s": 20.651260968996212,
        "reward": 0.0
    },
    "82": {
        "latency_s": 21.408544731908478,
        "reward": 0.0
    },
    "73": {
        "latency_s": 10.576473233988509,
        "reward": 0.0
    },
    "51": {
        "latency_s": 24.79436275002081,
        "reward": 0.0
    },
    "38": {
        "latency_s": 8.087848928989843,
        "reward": 0.0
    },
    "24": {
        "latency_s": 26.50912205397617,
        "reward": 0.0
    },
    "43": {
        "latency_s": 23.452522324048914,
        "reward": 0.0
    },
    "52": {
        "latency_s": 15.172711520106532,
        "reward": 0.0
    },
    "31": {
        "latency_s": 27.280337790958583,
        "reward": 0.0
    },
    "22": {
        "latency_s": 22.621694005909376,
        "reward": 0.0
    },
    "48": {
        "latency_s": 20.94657777599059,
        "reward": 0.0
    },
    "70": {
        "latency_s": 22.75382002000697,
        "reward": 0.0
    },
    "64": {
        "latency_s": 23.300078211934306,
        "reward": 0.0
    },
    "6": {
        "latency_s": 31.255766920978203,
        "reward": 0.0
    },
    "86": {
        "latency_s": 32.00869960896671,
        "reward": 0.0
    },
    "53": {
        "latency_s": 26.492310786037706,
        "reward": 0.0
    },
    "90": {
        "latency_s": 31.92419707402587,
        "reward": 0.0
    },
    "56": {
        "latency_s": 19.22591005905997,
        "reward": 0.0
    },
    "80": {
        "latency_s": 23.213424989953637,
        "reward": 0.0
    },
    "78": {
        "latency_s": 7.970299667096697,
        "reward": 0.0
    },
    "94": {
        "latency_s": 28.132148763048463,
        "reward": 0.0
    },
    "89": {
        "latency_s": 59.35772315599024,
        "reward": 0.0
    },
    "17": {
        "latency_s": 27.240531974937767,
        "reward": 0.0
    },
    "37": {
        "latency_s": 26.553782079019584,
        "reward": 0.0
    },
    "25": {
        "latency_s": 19.17280815402046,
        "reward": 0.0
    },
    "71": {
        "latency_s": 32.72993549902458,
        "reward": 0.0
    },
    "5": {
        "latency_s": 26.43585383996833,
        "reward": 0.0
    },
    "28": {
        "latency_s": 18.679809664026834,
        "reward": 0.0
    },
    "23": {
        "latency_s": 27.998126170015894,
        "reward": 0.0
    },
    "33": {
        "latency_s": 23.33396943390835,
        "reward": 0.0
    },
    "26": {
        "latency_s": 19.635119160986505,
        "reward": 0.0
    },
    "99": {
        "latency_s": 22.069025389035232,
        "reward": 0.0
    },
    "12": {
        "latency_s": 17.136638712952845,
        "reward": 0.0
    },
    "69": {
        "latency_s": 21.630150830023922,
        "reward": 0.0
    },
    "36": {
        "latency_s": 21.721232466981746,
        "reward": 0.0
    },
    "13": {
        "latency_s": 23.59698428492993,
        "reward": 0.0
    },
    "75": {
        "latency_s": 30.628117415006272,
        "reward": 0.0
    },
    "27": {
        "latency_s": 8.135497180046514,
        "reward": 0.0
    },
    "21": {
        "latency_s": 30.584710102993995,
        "reward": 0.0
    },
    "55": {
        "latency_s": 26.559475120040588,
        "reward": 0.0
    },
    "29": {
        "latency_s": 40.180739838047884,
        "reward": 0.0
    },
    "91": {
        "latency_s": 20.954036609036848,
        "reward": 0.0
    },
    "62": {
        "latency_s": 21.096523759071715,
        "reward": 0.0
    },
    "7": {
        "latency_s": 25.346521539031528,
        "reward": 0.0
    },
    "61": {
        "latency_s": 10.77342265599873,
        "reward": 0.0
    },
    "67": {
        "latency_s": 23.46228819200769,
        "reward": 0.0
    },
    "18": {
        "latency_s": 7.84212328994181,
        "reward": 0.0
    },
    "79": {
        "latency_s": 26.119460647925735,
        "reward": 0.0
    },
    "46": {
        "latency_s": 18.77308153908234,
        "reward": 0.0
    },
    "32": {
        "latency_s": 22.979343075072393,
        "reward": 0.0
    },
    "11": {
        "latency_s": 29.534736244939268,
        "reward": 0.0
    },
    "88": {
        "latency_s": 25.69655117590446,
        "reward": 0.0
    },
    "9": {
        "latency_s": 29.013323099003173,
        "reward": 0.0
    },
    "74": {
        "latency_s": 36.24398956994992,
        "reward": 0.0
    },
    "0": {
        "latency_s": 32.517163073061965,
        "reward": 0.0
    },