{
    "2": {
        "latency_s": 5.17944895895198,
        "reward": 1.0
    },
    "44": {
        "latency_s": 4.132082766969688,
        "reward": 1.0
    },
    "13": {
        "latency_s": 5.149915490997955,
        "reward": 1.0
    },
    "8": {
        "latency_s": 5.169848099001683,
        "reward": 1.0
    },
    "81": {
        "latency_s": 4.886976571986452,
        "reward": 1.0
    },
    "75": {
        "latency_s": 4.91308793798089,
        "reward": 1.0
    },
    "65": {
        "latency_s": 4.959978111903183,
        "reward": 1.0
    },
    "42": {
        "latency_s": 5.042221929994412,
        "reward": 1.0
    },
    "12": {
        "latency_s": 5.154290621052496,
        "reward": 1.0
    },
    "30": {
        "latency_s": 5.0912595860427245,
        "reward": 1.0
    },
    "59": {
        "latency_s": 5.000274820951745,
        "reward": 1.0
    },
    "51": {
        "latency_s": 5.010307151009329,
        "reward": 1.0
    },
    "26": {
        "latency_s": 5.117716502980329,
        "reward": 1.0
    },
    "32": {
        "latency_s": 5.0982427089475095,
        "reward": 1.0
    },
    "5": {
        "latency_s": 5.2208559069549665,
        "reward": 1.0
    },
    "40": {
        "latency_s": 5.641602433985099,
        "reward": 1.0
    },
    "34": {
        "latency_s": 5.089427417027764,
        "reward": 1.0
    },
    "20": {
        "latency_s": 5.708538273931481,
        "reward": 1.0
    },
    "7": {
        "latency_s": 5.229776819003746,
        "reward": 1.0
    },
    "147": {
        "latency_s": 5.233870406984352,
        "reward": 1.0
    },
    "31": {
        "latency_s": 25.458346304949373,
        "reward": 1.0
    },
    "0": {
        "latency_s": 5.792182860081084,
        "reward": 1.0
    },
    "123": {
        "latency_s": 5.342221835977398,
        "reward": 1.0
    },
    "46": {
        "latency_s": 6.535095370025374,
        "reward": 1.0
    },
    "19": {
        "latency_s": 5.990096997935325,
        "reward": 1.0
    },
    "82": {
        "latency_s": 6.150099267018959,
        "reward": 1.0
    },
    "71": {
        "latency_s": 6.195000944077037,
        "reward": 1.0
    },
    "29": {
        "latency_s": 6.532321791979484,
        "reward": 1.0
    },
    "50": {
        "latency_s": 6.464241937035695,
        "reward": 1.0
    },
    "78": {
        "latency_s": 6.3737838990055025,
        "reward": 1.0
    },
    "70": {
        "latency_s": 6.202956735971384,
        "reward": 1.0
    },
    "36": {
        "latency_s": 22.31073203496635,
        "reward": 1.0
    },
    "48": {
        "latency_s": 27.551869284012355,
        "reward": 1.0
    },
    "15": {
        "latency_s": 6.603064380935393,
        "reward": 1.0
    },
    "55": {
        "latency_s": 7.525196911999956,
        "reward": 1.0
    },
    "62": {
        "latency_s": 25.350690830033273,
        "reward": 1.0
    },
    "169": {
        "latency_s": 7.3681720200693235,
        "reward": 1.0
    },
    "58": {
        "latency_s": 75.59518101706635,
        "reward": 1.0
    },
    "54": {
        "latency_s": 8.851251177024096,
        "reward": 1.0
    },
    "33": {
        "latency_s": 8.688195009017363,
        "reward": 1.0
    },
    "9": {
        "latency_s": 7.9779278569621965,
        "reward": 1.0
    },
    "57": {
        "latency_s": 68.5862416139571,
        "reward": 1.0
    },
    "52": {
        "latency_s": 50.60800598503556,
        "reward": 1.0
    },
    "77": {
        "latency_s": 64.06527968100272,
        "reward": 1.0
    },
    "107": {
        "latency_s": 17.16291666997131,
        "reward": 1.0
    },
    "166": {
        "latency_s": 17.907328105997294,
        "reward": 0.0
    },
    "116": {
        "latency_s": 21.12313926499337,
        "reward": 0.0
    },
    "172": {
        "latency_s": 19.005564159015194,
        "reward": 0.0
    },
    "157": {
        "latency_s": 22.913382466998883,
        "reward": 0.0
    },
    "134": {
        "latency_s": 22.9498177889036,
        "reward": 0.0
    },
    "148": {
        "latency_s": 8.251832216978073,
        "reward": 1.0
    },
    "144": {
        "latency_s": 31.476877070963383,
        "reward": 0.0
    },
    "60": {
        "latency_s": 62.975203898968175,
        "reward": 0.0
    },
    "112": {
        "latency_s": 28.382776189013384,
        "reward": 0.0
    },
    "163": {
        "latency_s": 32.454952290980145,
        "reward": 0.0
    },
    "56": {
        "latency_s": 11.00034023297485,
        "reward": 1.0
    },
    "41": {
        "latency_s": 5.773616085993126,
        "reward": 1.0
    },
    "160": {
        "latency_s": 37.23396600806154,
        "reward": 0.0
    },
    "35": {
        "latency_s": 33.84613322792575,
        "reward": 0.0
    },
    "120": {
        "latency_s": 33.544993447023444,
        "reward": 0.0
    },
    "119": {
        "latency_s": 39.2694841499906,
        "reward": 0.0
    },
    "170": {
        "latency_s": 37.171616662992164,
        "reward": 0.0
    },
    "23": {
        "latency_s": 52.63201532501262,
        "reward": 0.0
    },
    "66": {
        "latency_s": 6.654971597949043,
        "reward": 1.0
    },
    "130": {
        "latency_s": 39.208966920967214,
        "reward": 0.0
    },
    "150": {
        "latency_s": 46.27876690495759,
        "reward": 0.0
    },
    "137": {
        "latency_s": 44.05041288794018,
        "reward": 0.0
    },
    "156": {
        "latency_s": 40.14889318495989,
        "reward": 0.0
    },
    "153": {
        "latency_s": 44.024018949014135,
        "reward": 0.0
    },
    "152": {
        "latency_s": 74.00425781100057,
        "reward": 0.0
    },
    "127": {
        "latency_s": 39.21327919897158,
        "reward": 0.0
    },
    "101": {
        "latency_s": 47.40191448503174,
        "reward": 0.0
    },
    "39": {
        "latency_s": 50.651185306953266,
        "reward": 0.0
    },
    "67": {
        "latency_s": 42.38974757597316,
        "reward": 0.0
    },
    "146": {
        "latency_s": 46.277766885003075,
        "reward": 0.0
    },
    "73": {
        "latency_s": 69.41612213198096,
        "reward": 0.0
    },
    "145": {
        "latency_s": 45.135462739970535,
        "reward": 0.0
    },
    "11": {
        "latency_s": 57.383993196999654,
        "reward": 0.0
    },
    "149": {
        "latency_s": 48.31070993794128,
        "reward": 0.0
    },
    "142": {
        "latency_s": 44.04230430407915,
        "reward": 0.0
    },
    "53": {
        "latency_s": 36.60798974405043,
        "reward": 1.0
    },
    "89": {
        "latency_s": 47.45744882593863,
        "reward": 0.0
    },
    "79": {
        "latency_s": 62.31592511199415,
        "reward": 0.0
    },
    "10": {
        "latency_s": 44.54813111992553,
        "reward": 0.0
    },
    "100": {
        "latency_s": 71.68175252701622,
        "reward": 0.0
    },
    "168": {
        "latency_s": 46.193059684941545,
        "reward": 0.0
    },
    "90": {
        "latency_s": 55.267953121103346,
        "reward": 0.0
    },
    "128": {
        "latency_s": 54.14748250308912,
        "reward": 0.0
    },
    "76": {
        "latency_s": 17.28067846794147,
        "reward": 1.0
    },
    "121": {
        "latency_s": 47.348504911060445,
        "reward": 0.0
    },
    "92": {
        "latency_s": 49.47305427992251,
        "reward": 0.0
    },
    "131": {
        "latency_s": 80.97916965803597,
        "reward": 0.0
    },
    "72": {
        "latency_s": 66.79212342202663,
        "reward": 0.0
    },
    "61": {
        "latency_s": 66.82001293392386,
        "reward": 0.0
    },
    "139": {
        "latency_s": 54.128571558976546,
        "reward": 0.0
    },
    "16": {
        "latency_s": 51.69491827895399,
        "reward": 0.0
    },
    "126": {
        "latency_s": 52.19061224802863,
        "reward": 0.0
    },
    "132": {
        "latency_s": 60.28894778690301,
        "reward": 0.0
    },