{
    "2": {
        "latency_s": 3.5831221520202234,
        "reward": 1.0
    },
    "44": {
        "latency_s": 3.6257512969896197,
        "reward": 1.0
    },
    "13": {
        "latency_s": 3.700468929950148,
        "reward": 1.0
    },
    "8": {
        "latency_s": 3.878024243982509,
        "reward": 1.0
    },
    "81": {
        "latency_s": 3.7010066841030493,
        "reward": 1.0
    },
    "75": {
        "latency_s": 3.7153453809442,
        "reward": 1.0
    },
    "65": {
        "latency_s": 3.928032753057778,
        "reward": 1.0
    },
    "42": {
        "latency_s": 4.058572345995344,
        "reward": 1.0
    },
    "12": {
        "latency_s": 4.215626950957812,
        "reward": 1.0
    },
    "30": {
        "latency_s": 4.250423198915087,
        "reward": 1.0
    },
    "59": {
        "latency_s": 4.259736585081555,
        "reward": 1.0
    },
    "51": {
        "latency_s": 4.281114347977564,
        "reward": 1.0
    },
    "26": {
        "latency_s": 4.429784234962426,
        "reward": 1.0
    },
    "5": {
        "latency_s": 4.57114429899957,
        "reward": 1.0
    },
    "32": {
        "latency_s": 4.708557971986011,
        "reward": 1.0
    },
    "40": {
        "latency_s": 4.694512836984359,
        "reward": 1.0
    },
    "34": {
        "latency_s": 5.173306048032828,
        "reward": 1.0
    },
    "20": {
        "latency_s": 5.464899857994169,
        "reward": 1.0
    },
    "7": {
        "latency_s": 5.856231038924307,
        "reward": 1.0
    },
    "147": {
        "latency_s": 5.679905068012886,
        "reward": 1.0
    },
    "31": {
        "latency_s": 9.111736602964811,
        "reward": 1.0
    },
    "0": {
        "latency_s": 6.280119783012196,
        "reward": 1.0
    },
    "123": {
        "latency_s": 5.915807065088302,
        "reward": 1.0
    },
    "46": {
        "latency_s": 6.035313485888764,
        "reward": 1.0
    },
    "19": {
        "latency_s": 6.647370871040039,
        "reward": 1.0
    },
    "82": {
        "latency_s": 6.498336425982416,
        "reward": 1.0
    },
    "71": {
        "latency_s": 6.52801285404712,
        "reward": 1.0
    },
    "29": {
        "latency_s": 6.849009130964987,
        "reward": 1.0
    },
    "50": {
        "latency_s": 6.804821614990942,
        "reward": 1.0
    },
    "78": {
        "latency_s": 7.183773495955393,
        "reward": 1.0
    },
    "70": {
        "latency_s": 21.792642664979212,
        "reward": 0.0
    },
    "36": {
        "latency_s": 7.268999272957444,
        "reward": 1.0
    },
    "48": {
        "latency_s": 23.507960001938045,
        "reward": 0.0
    },
    "15": {
        "latency_s": 7.651008464046754,
        "reward": 1.0
    },
    "55": {
        "latency_s": 7.746331183006987,
        "reward": 1.0
    },
    "62": {
        "latency_s": 7.729299660073593,
        "reward": 1.0
    },
    "169": {
        "latency_s": 11.313313739025034,
        "reward": 1.0
    },
    "58": {
        "latency_s": 8.492526618996635,
        "reward": 1.0
    },
    "54": {
        "latency_s": 8.66539533494506,
        "reward": 1.0
    },
    "33": {
        "latency_s": 8.747022927971557,
        "reward": 1.0
    },
    "9": {
        "latency_s": 8.131169399945065,
        "reward": 1.0
    },
    "57": {
        "latency_s": 10.490699755959213,
        "reward": 1.0
    },
    "56": {
        "latency_s": 11.213412884972058,
        "reward": 1.0
    },
    "52": {
        "latency_s": 11.686248697922565,
        "reward": 1.0
    },
    "77": {
        "latency_s": 25.53068168903701,
        "reward": 0.0
    },
    "116": {
        "latency_s": 8.623142586904578,
        "reward": 0.0
    },
    "107": {
        "latency_s": 19.46642908488866,
        "reward": 1.0
    },
    "157": {
        "latency_s": 11.582702849060297,
        "reward": 0.0
    },
    "166": {
        "latency_s": 9.463512875023298,
        "reward": 0.0
    },
    "148": {
        "latency_s": 10.653054525027983,
        "reward": 1.0
    },
    "134": {
        "latency_s": 11.893320154049434,
        "reward": 0.0
    },
    "172": {
        "latency_s": 11.763812338002026,
        "reward": 0.0
    },
    "144": {
        "latency_s": 13.74160428205505,
        "reward": 0.0
    },
    "112": {
        "latency_s": 13.946493144030683,
        "reward": 0.0
    },
    "35": {
        "latency_s": 15.02203384495806,
        "reward": 0.0
    },
    "160": {
        "latency_s": 14.741297091008164,
        "reward": 0.0
    },
    "101": {
        "latency_s": 17.256038403953426,
        "reward": 0.0
    },
    "89": {
        "latency_s": 19.807972659007646,
        "reward": 0.0
    },
    "119": {
        "latency_s": 15.324745901976712,
        "reward": 0.0
    },
    "120": {
        "latency_s": 15.312250487040728,
        "reward": 0.0
    },
    "163": {
        "latency_s": 15.427039080997929,
        "reward": 0.0
    },
    "152": {
        "latency_s": 15.476624996052124,
        "reward": 0.0
    },
    "150": {
        "latency_s": 16.80920756200794,
        "reward": 0.0
    },
    "170": {
        "latency_s": 16.760020134970546,
        "reward": 0.0
    },
    "10": {
        "latency_s": 15.895518042962067,
        "reward": 0.0
    },
    "79": {
        "latency_s": 15.745036709005944,
        "reward": 0.0
    },
    "60": {
        "latency_s": 18.281362441019155,
        "reward": 0.0
    },
    "90": {
        "latency_s": 18.913890884956345,
        "reward": 0.0
    },
    "137": {
        "latency_s": 18.289773065014742,
        "reward": 0.0
    },
    "130": {
        "latency_s": 17.105447427020408,
        "reward": 0.0
    },
    "153": {
        "latency_s": 18.6638013899792,
        "reward": 0.0
    },
    "41": {
        "latency_s": 22.16156927694101,
        "reward": 0.0
    },
    "39": {
        "latency_s": 21.474807213060558,
        "reward": 0.0
    },
    "146": {
        "latency_s": 18.48262391600292,
        "reward": 0.0
    },
    "151": {
        "latency_s": 19.556847909931093,
        "reward": 0.0
    },
    "67": {
        "latency_s": 15.509259016951546,
        "reward": 0.0
    },
    "99": {
        "latency_s": 20.05357099196408,
        "reward": 0.0
    },
    "156": {
        "latency_s": 19.29882657888811,
        "reward": 0.0
    },
    "27": {
        "latency_s": 47.42391313193366,
        "reward": 0.0
    },
    "66": {
        "latency_s": 7.170027757994831,
        "reward": 1.0
    },
    "127": {
        "latency_s": 20.675847247010097,
        "reward": 0.0
    },
    "142": {
        "latency_s": 20.98189465899486,
        "reward": 0.0
    },
    "11": {
        "latency_s": 20.719668961013667,
        "reward": 0.0
    },
    "145": {
        "latency_s": 25.11132924503181,
        "reward": 0.0
    },
    "125": {
        "latency_s": 28.364137273048982,
        "reward": 0.0
    },
    "168": {
        "latency_s": 20.907278270926327,
        "reward": 0.0
    },
    "76": {
        "latency_s": 21.88240710797254,
        "reward": 0.0
    },
    "149": {
        "latency_s": 21.513151591992937,
        "reward": 0.0
    },
    "128": {
        "latency_s": 22.68126315495465,
        "reward": 0.0
    },
    "92": {
        "latency_s": 19.796846790937707,
        "reward": 0.0
    },
    "136": {
        "latency_s": 25.562951244064607,
        "reward": 0.0
    },
    "16": {
        "latency_s": 26.50135416991543,
        "reward": 0.0
    },
    "121": {
        "latency_s": 25.170229307026602,
        "reward": 0.0
    },
    "98": {
        "latency_s": 29.49409439205192,
        "reward": 0.0
    },
    "118": {
        "latency_s": 50.42048327205703,
        "reward": 0.0
    },
    "155": {
        "latency_s": 55.655137491063215,
        "reward": 0.0
    },
    "73": {
        "latency_s": 51.78867872804403,
        "reward": 0.0
    },
    "23": {
        "latency_s": 25.051247535040602,