{
    "63": {
        "latency_s": 41.34680479601957,
        "reward": 0.0
    },
    "77": {
        "latency_s": 41.46725367195904,
        "reward": 0.0
    },
    "97": {
        "latency_s": 41.652161804027855,
        "reward": 0.0
    },
    "98": {
        "latency_s": 41.659220810979605,
        "reward": 0.0
    },
    "93": {
        "latency_s": 42.414715459919535,
        "reward": 0.0
    },
    "41": {
        "latency_s": 42.89011029503308,
        "reward": 0.0
    },
    "58": {
        "latency_s": 47.875256355968304,
        "reward": 0.0
    },
    "72": {
        "latency_s": 49.83018687006552,
        "reward": 0.0
    },
    "83": {
        "latency_s": 51.289212589967065,
        "reward": 0.0
    },
    "59": {
        "latency_s": 51.5436229709303,
        "reward": 0.0
    },
    "68": {
        "latency_s": 51.549918491975404,
        "reward": 0.0
    },
    "76": {
        "latency_s": 52.97120077395812,
        "reward": 0.0
    },
    "47": {
        "latency_s": 53.034780231071636,
        "reward": 0.0
    },
    "30": {
        "latency_s": 53.07185217505321,
        "reward": 0.0
    },
    "40": {
        "latency_s": 53.06017683597747,
        "reward": 0.0
    },
    "60": {
        "latency_s": 53.02540969802067,
        "reward": 0.0
    },
    "44": {
        "latency_s": 53.05842450703494,
        "reward": 0.0
    },
    "2": {
        "latency_s": 53.141044150921516,
        "reward": 0.0
    },
    "39": {
        "latency_s": 53.18845479399897,
        "reward": 0.0
    },
    "84": {
        "latency_s": 53.51621160306968,
        "reward": 0.0
    },
    "45": {
        "latency_s": 53.598091229912825,
        "reward": 0.0
    },
    "15": {
        "latency_s": 54.24033911305014,
        "reward": 0.0
    },
    "16": {
        "latency_s": 54.47865579405334,
        "reward": 0.0
    },
    "19": {
        "latency_s": 54.476553727989085,
        "reward": 0.0
    },
    "34": {
        "latency_s": 54.453437821008265,
        "reward": 0.0
    },
    "3": {
        "latency_s": 54.51281235704664,
        "reward": 0.0
    },
    "20": {
        "latency_s": 54.597123949904926,
        "reward": 0.0
    },
    "65": {
        "latency_s": 54.577147885924205,
        "reward": 0.0
    },
    "48": {
        "latency_s": 55.194903935072944,
        "reward": 0.0
    },
    "50": {
        "latency_s": 55.19611605606042,
        "reward": 0.0
    },
    "81": {
        "latency_s": 55.13865999504924,
        "reward": 0.0
    },
    "8": {
        "latency_s": 55.41338701895438,
        "reward": 0.0
    },
    "95": {
        "latency_s": 55.252369449008256,
        "reward": 0.0
    },
    "87": {
        "latency_s": 55.27656809997279,
        "reward": 0.0
    },
    "4": {
        "latency_s": 55.62069068104029,
        "reward": 0.0
    },
    "49": {
        "latency_s": 55.55406422202941,
        "reward": 0.0
    },
    "1": {
        "latency_s": 55.66184017190244,
        "reward": 0.0
    },
    "88": {
        "latency_s": 55.604530162061565,
        "reward": 0.0
    },
    "96": {
        "latency_s": 55.59408007899765,
        "reward": 0.0
    },
    "24": {
        "latency_s": 56.139981452026404,
        "reward": 0.0
    },
    "57": {
        "latency_s": 56.267389926011674,
        "reward": 0.0
    },
    "92": {
        "latency_s": 56.41599790507462,
        "reward": 0.0
    },
    "10": {
        "latency_s": 56.57689977798145,
        "reward": 0.0
    },
    "66": {
        "latency_s": 56.748524755006656,
        "reward": 0.0
    },
    "89": {
        "latency_s": 56.91640303609893,
        "reward": 0.0
    },
    "38": {
        "latency_s": 57.02300629601814,
        "reward": 0.0
    },
    "56": {
        "latency_s": 56.99127731798217,
        "reward": 0.0
    },
    "54": {
        "latency_s": 56.99797511100769,
        "reward": 0.0
    },
    "86": {
        "latency_s": 56.936747975996695,
        "reward": 0.0
    },
    "52": {
        "latency_s": 57.00929202197585,
        "reward": 0.0
    },
    "64": {
        "latency_s": 57.11992337007541,
        "reward": 0.0
    },
    "51": {
        "latency_s": 57.18951344199013,
        "reward": 0.0
    },
    "80": {
        "latency_s": 57.156078059924766,
        "reward": 0.0
    },
    "14": {
        "latency_s": 57.32018189399969,
        "reward": 0.0
    },
    "71": {
        "latency_s": 57.89050566998776,
        "reward": 0.0
    },
    "42": {
        "latency_s": 58.093392185051925,
        "reward": 0.0
    },
    "6": {
        "latency_s": 58.16981694102287,
        "reward": 0.0
    },
    "22": {
        "latency_s": 58.412685798015445,
        "reward": 0.0
    },
    "90": {
        "latency_s": 58.29368917294778,
        "reward": 0.0
    },
    "82": {
        "latency_s": 58.801783693023026,
        "reward": 0.0
    },
    "70": {
        "latency_s": 59.719050997984596,
        "reward": 0.0
    },
    "25": {
        "latency_s": 60.0814115999965,
        "reward": 0.0
    },
    "69": {
        "latency_s": 59.99973514501471,
        "reward": 0.0
    },
    "27": {
        "latency_s": 60.08891981001943,
        "reward": 0.0
    },
    "73": {
        "latency_s": 60.31164454098325,
        "reward": 0.0
    },
    "53": {
        "latency_s": 60.401044284924865,
        "reward": 0.0
    },
    "43": {
        "latency_s": 60.460755062056705,
        "reward": 0.0
    },
    "75": {
        "latency_s": 60.552287706988864,
        "reward": 0.0
    },
    "37": {
        "latency_s": 61.155176753993146,
        "reward": 0.0
    },
    "31": {
        "latency_s": 61.347485386999324,
        "reward": 0.0
    },
    "33": {
        "latency_s": 61.3983756150119,
        "reward": 0.0
    },
    "78": {
        "latency_s": 62.228215056005865,
        "reward": 0.0
    },
    "17": {
        "latency_s": 62.85853057901841,
        "reward": 0.0
    },
    "99": {
        "latency_s": 62.788158682058565,
        "reward": 0.0
    },
    "28": {
        "latency_s": 62.992744499933906,
        "reward": 0.0
    },
    "23": {
        "latency_s": 63.07377689296845,
        "reward": 0.0
    },
    "26": {
        "latency_s": 64.46273116697557,
        "reward": 0.0
    },
    "55": {
        "latency_s": 64.46944069105666,
        "reward": 0.0
    },
    "13": {
        "latency_s": 65.10220196598675,
        "reward": 0.0
    },
    "29": {
        "latency_s": 65.13088952598628,
        "reward": 0.0
    },
    "21": {
        "latency_s": 65.1968247849727,
        "reward": 0.0
    },
    "5": {
        "latency_s": 65.2850090439897,
        "reward": 0.0
    },
    "36": {
        "latency_s": 66.8451231730869,
        "reward": 0.0
    },
    "94": {
        "latency_s": 67.91984577104449,
        "reward": 0.0
    },
    "12": {
        "latency_s": 69.76933400600683,
        "reward": 0.0
    },
    "61": {
        "latency_s": 72.12186265201308,
        "reward": 0.0
    },
    "62": {
        "latency_s": 72.44424939097371,
        "reward": 0.0
    },
    "91": {
        "latency_s": 72.4789072900312,
        "reward": 0.0
    },
    "67": {
        "latency_s": 89.37528222403489,
        "reward": 0.0
    }
}