{
    "2": {
        "latency_s": 3.5330829159356654,
        "reward": 1.0
    },
    "44": {
        "latency_s": 3.5412843140074983,
        "reward": 1.0
    },
    "13": {
        "latency_s": 3.635066795977764,
        "reward": 1.0
    },
    "8": {
        "latency_s": 3.911164414952509,
        "reward": 1.0
    },
    "81": {
        "latency_s": 3.6999797030584887,
        "reward": 1.0
    },
    "75": {
        "latency_s": 3.7217389630386606,
        "reward": 1.0
    },
    "65": {
        "latency_s": 4.0139814970316365,
        "reward": 1.0
    },
    "42": {
        "latency_s": 4.176518216961995,
        "reward": 1.0
    },
    "12": {
        "latency_s": 4.36166760197375,
        "reward": 1.0
    },
    "30": {
        "latency_s": 5.344691100995988,
        "reward": 1.0
    },
    "59": {
        "latency_s": 5.2874633519677445,
        "reward": 1.0
    },
    "51": {
        "latency_s": 5.315424068016,
        "reward": 1.0
    },
    "26": {
        "latency_s": 5.489333181059919,
        "reward": 1.0
    },
    "32": {
        "latency_s": 6.10404085193295,
        "reward": 1.0
    },
    "5": {
        "latency_s": 6.186738620046526,
        "reward": 1.0
    },
    "40": {
        "latency_s": 6.083258172962815,
        "reward": 1.0
    },
    "34": {
        "latency_s": 6.112336452002637,
        "reward": 1.0
    },
    "20": {
        "latency_s": 6.162547193001956,
        "reward": 1.0
    },
    "7": {
        "latency_s": 6.202575915958732,
        "reward": 1.0
    },
    "147": {
        "latency_s": 5.788462043041363,
        "reward": 1.0
    },
    "31": {
        "latency_s": 6.1366230139974505,
        "reward": 1.0
    },
    "0": {
        "latency_s": 6.427069111028686,
        "reward": 1.0
    },
    "123": {
        "latency_s": 6.13676681893412,
        "reward": 1.0
    },
    "46": {
        "latency_s": 6.920605818973854,
        "reward": 1.0
    },
    "19": {
        "latency_s": 7.012769228895195,
        "reward": 1.0
    },
    "82": {
        "latency_s": 6.829110070015304,
        "reward": 1.0
    },
    "71": {
        "latency_s": 6.86661155091133,
        "reward": 1.0
    },
    "29": {
        "latency_s": 6.996908032917418,
        "reward": 1.0
    },
    "50": {
        "latency_s": 6.939553951960988,
        "reward": 1.0
    },
    "78": {
        "latency_s": 7.109563000034541,
        "reward": 1.0
    },
    "70": {
        "latency_s": 7.3455053040524945,
        "reward": 1.0
    },
    "36": {
        "latency_s": 7.447262646979652,
        "reward": 1.0
    },
    "48": {
        "latency_s": 7.885693290038034,
        "reward": 1.0
    },
    "15": {
        "latency_s": 8.92347396002151,
        "reward": 1.0
    },
    "55": {
        "latency_s": 9.110472272965126,
        "reward": 1.0
    },
    "62": {
        "latency_s": 9.091815495979972,
        "reward": 1.0
    },
    "169": {
        "latency_s": 9.837484587915242,
        "reward": 1.0
    },
    "58": {
        "latency_s": 11.346615404938348,
        "reward": 1.0
    },
    "54": {
        "latency_s": 11.717637449037284,
        "reward": 1.0
    },
    "33": {
        "latency_s": 11.783957564970478,
        "reward": 1.0
    },
    "9": {
        "latency_s": 12.247375529957935,
        "reward": 1.0
    },
    "57": {
        "latency_s": 12.461686321999878,
        "reward": 1.0
    },
    "52": {
        "latency_s": 14.879344839020632,
        "reward": 1.0
    },
    "77": {
        "latency_s": 15.223585197003558,
        "reward": 1.0
    },
    "107": {
        "latency_s": 17.31656956905499,
        "reward": 1.0
    },
    "166": {
        "latency_s": 17.15120573702734,
        "reward": 0.0
    },
    "116": {
        "latency_s": 18.149225107044913,
        "reward": 0.0
    },
    "172": {
        "latency_s": 18.863167727948166,
        "reward": 0.0
    },
    "157": {
        "latency_s": 19.382755271042697,
        "reward": 0.0
    },
    "134": {
        "latency_s": 19.448490826995112,
        "reward": 0.0
    },
    "148": {
        "latency_s": 20.27811684203334,
        "reward": 0.0
    },
    "144": {
        "latency_s": 20.290296060033143,
        "reward": 0.0
    },
    "60": {
        "latency_s": 21.930341377970763,
        "reward": 1.0
    },
    "112": {
        "latency_s": 22.20999618701171,
        "reward": 0.0
    },
    "163": {
        "latency_s": 22.50885552202817,
        "reward": 0.0
    },
    "56": {
        "latency_s": 23.258327791001648,
        "reward": 0.0
    },
    "41": {
        "latency_s": 23.736625452991575,
        "reward": 0.0
    },
    "160": {
        "latency_s": 23.822808208991773,
        "reward": 0.0
    },
    "35": {
        "latency_s": 24.632910431013443,
        "reward": 0.0
    },
    "120": {
        "latency_s": 24.811162623926066,
        "reward": 0.0
    },
    "119": {
        "latency_s": 24.814881793921813,
        "reward": 0.0
    },
    "170": {
        "latency_s": 24.674359948025085,
        "reward": 0.0
    },
    "23": {
        "latency_s": 25.570192771032453,
        "reward": 1.0
    },
    "66": {
        "latency_s": 25.865034023998305,
        "reward": 0.0
    },
    "130": {
        "latency_s": 26.108778272056952,
        "reward": 0.0
    },
    "150": {
        "latency_s": 26.90689363295678,
        "reward": 0.0
    },
    "137": {
        "latency_s": 27.3802870339714,
        "reward": 0.0
    },
    "156": {
        "latency_s": 28.186562340008095,
        "reward": 0.0
    },
    "153": {
        "latency_s": 28.63457722903695,
        "reward": 0.0
    },
    "152": {
        "latency_s": 29.52798014797736,
        "reward": 0.0
    },
    "127": {
        "latency_s": 30.03884997800924,
        "reward": 0.0
    },
    "101": {
        "latency_s": 30.549146784003824,
        "reward": 0.0
    },
    "39": {
        "latency_s": 31.157777676009573,
        "reward": 0.0
    },
    "67": {
        "latency_s": 32.44135248998646,
        "reward": 0.0
    },
    "146": {
        "latency_s": 32.20686944096815,
        "reward": 0.0
    },
    "73": {
        "latency_s": 32.430796580039896,
        "reward": 0.0
    },
    "145": {
        "latency_s": 32.75963555194903,
        "reward": 0.0
    },
    "11": {
        "latency_s": 33.73989296006039,
        "reward": 0.0
    },
    "149": {
        "latency_s": 33.330492838984355,
        "reward": 0.0
    },
    "142": {
        "latency_s": 33.3510380910011,
        "reward": 0.0
    },
    "53": {
        "latency_s": 34.18014887208119,
        "reward": 1.0
    },
    "89": {
        "latency_s": 34.599497849005274,
        "reward": 0.0
    },
    "79": {
        "latency_s": 34.64437858108431,
        "reward": 0.0
    },
    "10": {
        "latency_s": 35.416408940101974,
        "reward": 0.0
    },
    "100": {
        "latency_s": 35.14677449292503,
        "reward": 1.0
    },
    "168": {
        "latency_s": 35.48081041290425,
        "reward": 0.0
    },
    "90": {
        "latency_s": 36.2313430539798,
        "reward": 0.0
    },
    "128": {
        "latency_s": 36.11518619104754,
        "reward": 0.0
    },
    "76": {
        "latency_s": 36.27902480494231,
        "reward": 0.0
    },
    "121": {
        "latency_s": 36.137911385972984,
        "reward": 0.0
    },
    "92": {
        "latency_s": 36.230609104037285,
        "reward": 0.0
    },
    "131": {
        "latency_s": 36.62662942300085,
        "reward": 0.0
    },
    "72": {
        "latency_s": 38.36060111399274,
        "reward": 1.0
    },
    "61": {
        "latency_s": 38.39230114594102,
        "reward": 0.0
    },
    "139": {
        "latency_s": 40.24005304207094,
        "reward": 0.0
    },
    "16": {
        "latency_s": 41.13990257401019,
        "reward": 0.0
    },
    "126": {
        "latency_s": 41.86640110099688,
        "reward": 0.0
    },
    "132": {
        "latency_s": 42.383175008930266,
        "reward": 0.0
    },