{
    "2": {
        "latency_s": 4.098115021944977,
        "reward": 1.0
    },
    "44": {
        "latency_s": 4.4226857559988275,
        "reward": 1.0
    },
    "13": {
        "latency_s": 4.530349183944054,
        "reward": 1.0
    },
    "81": {
        "latency_s": 4.397149674943648,
        "reward": 1.0
    },
    "8": {
        "latency_s": 4.668067896971479,
        "reward": 1.0
    },
    "75": {
        "latency_s": 4.423466208972968,
        "reward": 1.0
    },
    "65": {
        "latency_s": 4.461486718966626,
        "reward": 1.0
    },
    "42": {
        "latency_s": 4.722590897930786,
        "reward": 1.0
    },
    "12": {
        "latency_s": 4.828257784014568,
        "reward": 1.0
    },
    "30": {
        "latency_s": 5.106862623011693,
        "reward": 1.0
    },
    "59": {
        "latency_s": 5.098011545022018,
        "reward": 1.0
    },
    "51": {
        "latency_s": 5.131180347059853,
        "reward": 1.0
    },
    "26": {
        "latency_s": 5.322160947020166,
        "reward": 1.0
    },
    "5": {
        "latency_s": 5.405898093013093,
        "reward": 1.0
    },
    "32": {
        "latency_s": 5.304084738949314,
        "reward": 1.0
    },
    "40": {
        "latency_s": 6.617169018019922,
        "reward": 1.0
    },
    "34": {
        "latency_s": 5.801739896996878,
        "reward": 1.0
    },
    "20": {
        "latency_s": 5.861053183907643,
        "reward": 1.0
    },
    "7": {
        "latency_s": 5.906822319026105,
        "reward": 1.0
    },
    "147": {
        "latency_s": 5.774667346966453,
        "reward": 1.0
    },
    "31": {
        "latency_s": 28.678561756038107,
        "reward": 0.3333333333333333
    },
    "0": {
        "latency_s": 6.426327887922525,
        "reward": 1.0
    },
    "123": {
        "latency_s": 6.21152270399034,
        "reward": 1.0
    },
    "46": {
        "latency_s": 6.748269658070058,
        "reward": 1.0
    },
    "19": {
        "latency_s": 10.911179382936098,
        "reward": 1.0
    },
    "82": {
        "latency_s": 6.7767781019210815,
        "reward": 1.0
    },
    "71": {
        "latency_s": 6.822328538051806,
        "reward": 1.0
    },
    "29": {
        "latency_s": 7.237394911935553,
        "reward": 1.0
    },
    "50": {
        "latency_s": 7.159583920962177,
        "reward": 1.0
    },
    "78": {
        "latency_s": 7.289353972999379,
        "reward": 1.0
    },
    "70": {
        "latency_s": 14.23285762697924,
        "reward": 1.0
    },
    "36": {
        "latency_s": 7.456687710946426,
        "reward": 1.0
    },
    "48": {
        "latency_s": 7.773824228905141,
        "reward": 1.0
    },
    "15": {
        "latency_s": 8.325609621941112,
        "reward": 1.0
    },
    "55": {
        "latency_s": 8.205949412076734,
        "reward": 1.0
    },
    "62": {
        "latency_s": 8.179744102992117,
        "reward": 1.0
    },
    "169": {
        "latency_s": 7.93393613002263,
        "reward": 1.0
    },
    "58": {
        "latency_s": 8.806145437061787,
        "reward": 1.0
    },
    "33": {
        "latency_s": 9.082973611075431,
        "reward": 1.0
    },
    "54": {
        "latency_s": 8.988622504053637,
        "reward": 1.0
    },
    "116": {
        "latency_s": 8.976348120020702,
        "reward": 0.0
    },
    "157": {
        "latency_s": 11.761793966055848,
        "reward": 0.0
    },
    "9": {
        "latency_s": 8.5856127779698,
        "reward": 1.0
    },
    "166": {
        "latency_s": 10.703119804034941,
        "reward": 0.0
    },
    "57": {
        "latency_s": 9.78854677407071,
        "reward": 1.0
    },
    "56": {
        "latency_s": 11.649926177924499,
        "reward": 1.0
    },
    "52": {
        "latency_s": 12.040254243998788,
        "reward": 1.0
    },
    "77": {
        "latency_s": 32.12397695390973,
        "reward": 0.0
    },
    "134": {
        "latency_s": 11.855229808017612,
        "reward": 0.0
    },
    "148": {
        "latency_s": 10.756234597996809,
        "reward": 1.0
    },
    "107": {
        "latency_s": 9.004097455996089,
        "reward": 1.0
    },
    "172": {
        "latency_s": 11.867874175077304,
        "reward": 0.0
    },
    "112": {
        "latency_s": 19.095223717973568,
        "reward": 0.6666666666666666
    },
    "144": {
        "latency_s": 13.598382561001927,
        "reward": 0.0
    },
    "101": {
        "latency_s": 18.471361664007418,
        "reward": 0.3333333333333333
    },
    "35": {
        "latency_s": 14.58888236596249,
        "reward": 0.0
    },
    "160": {
        "latency_s": 14.049641859019175,
        "reward": 0.0
    },
    "89": {
        "latency_s": 16.054354161955416,
        "reward": 0.0
    },
    "119": {
        "latency_s": 15.312087848898955,
        "reward": 0.0
    },
    "120": {
        "latency_s": 17.70438937295694,
        "reward": 0.0
    },
    "163": {
        "latency_s": 16.91393414698541,
        "reward": 0.0
    },
    "152": {
        "latency_s": 14.384344224003144,
        "reward": 0.0
    },
    "150": {
        "latency_s": 16.954880842007697,
        "reward": 0.0
    },
    "10": {
        "latency_s": 20.013924253056757,
        "reward": 0.3333333333333333
    },
    "170": {
        "latency_s": 15.82377393101342,
        "reward": 0.0
    },
    "60": {
        "latency_s": 17.159357630996965,
        "reward": 0.6666666666666666
    },
    "79": {
        "latency_s": 18.59554215904791,
        "reward": 0.0
    },
    "137": {
        "latency_s": 20.633366932044737,
        "reward": 0.0
    },
    "130": {
        "latency_s": 19.249526318977587,
        "reward": 0.0
    },
    "90": {
        "latency_s": 20.426478450070135,
        "reward": 0.0
    },
    "39": {
        "latency_s": 22.56164768501185,
        "reward": 0.3333333333333333
    },
    "41": {
        "latency_s": 21.313305717078038,
        "reward": 0.6666666666666666
    },
    "151": {
        "latency_s": 18.9621811050456,
        "reward": 0.0
    },
    "146": {
        "latency_s": 20.60271190200001,
        "reward": 0.0
    },
    "153": {
        "latency_s": 20.580522640026174,
        "reward": 0.0
    },
    "67": {
        "latency_s": 15.61100832594093,
        "reward": 0.0
    },
    "99": {
        "latency_s": 22.52222146303393,
        "reward": 0.3333333333333333
    },
    "27": {
        "latency_s": 22.85027373000048,
        "reward": 0.0
    },
    "156": {
        "latency_s": 21.285739330924116,
        "reward": 0.0
    },
    "66": {
        "latency_s": 22.689674053923227,
        "reward": 0.0
    },
    "127": {
        "latency_s": 22.156298102927394,
        "reward": 0.0
    },
    "142": {
        "latency_s": 21.333981871954165,
        "reward": 0.0
    },
    "11": {
        "latency_s": 28.95817746105604,
        "reward": 0.0
    },
    "92": {
        "latency_s": 22.57640140003059,
        "reward": 0.6666666666666666
    },
    "145": {
        "latency_s": 22.576811756007373,
        "reward": 0.0
    },
    "125": {
        "latency_s": 19.99054334696848,
        "reward": 0.0
    },
    "168": {
        "latency_s": 21.495971960015595,
        "reward": 0.0
    },
    "149": {
        "latency_s": 22.287254229886457,
        "reward": 0.0
    },
    "76": {
        "latency_s": 23.36082774004899,
        "reward": 0.3333333333333333
    },
    "128": {
        "latency_s": 19.013427249970846,
        "reward": 0.0
    },
    "73": {
        "latency_s": 51.7617429549573,
        "reward": 0.25
    },
    "136": {
        "latency_s": 48.960748273995705,
        "reward": 0.0
    },
    "121": {
        "latency_s": 27.61959492706228,
        "reward": 0.0
    },
    "23": {
        "latency_s": 26.21242930495646,
        "reward": 0.6666666666666666
    },
    "118": {
        "latency_s": 29.762136503937654,
        "reward": 0.0
    },
    "98": {
        "latency_s": 66.53018588700797,